	architecture_str	dataset_name	embeddings_type	embeddings_name	train_size	test_size	batch_size	best_train_acc	last_train_acc	idx_best_train_acc	best_train_loss	last_train_loss	idx_best_train_loss	best_val_acc	last_val_acc	idx_best_val_acc	best_val_loss	last_val_loss	idx_best_val_loss	epochs_count	result_acc
0	"LSTM(100) Dense(9, activation=""softmax"")"	USA_Small	word	glove.840B.300d	877	102	10	0.8620296394539532	0.8551881340509674	10	0.40895707080164073	0.44283193835570234	10	0.6960784307881898	0.666666665644038	6	1.080421390523221	1.1547372741442101	6	12	0.6666666666666666
1	"LSTM(100) Dropout(0.2) Dense(9, activation=""softmax"")"	USA_Small	word	glove.840B.300d	877	102	10	0.872291897558432	0.872291897558432	12	0.3898495633469442	0.3898495633469442	12	0.686274513456167	0.5588235289734953	9	1.1759975520053916	1.2345294751519083	7	13	0.5588235294117647
2	"LSTM(100, recurrent_dropout=0.2) Dense(9, activation=""softmax"")"	USA_Small	word	glove.840B.300d	877	102	10	0.8688711465560452	0.8688711465560452	13	0.38315985964328697	0.38315985964328697	13	0.6960784307881898	0.5784313709420317	4	1.0954925414613064	1.1603673114167417	8	14	0.5784313725490197
3	"LSTM(100, recurrent_dropout=0.4, return_sequences=True) LSTM(200, dropout=0.2, recurrent_dropout=0.2) Dense(9, activation=""softmax"")"	USA_Small	word	glove.840B.300d	877	102	10	0.8244013631357434	0.8244013631357434	11	0.4873328961499944	0.4873328961499944	11	0.6862745112648198	0.5686274506882125	4	1.1963125150285514	1.2365856731639189	4	12	0.5686274509803921
4	"Conv1D(filters=32, kernel_size=3, padding=""same"", activation=""relu"") MaxPooling1D(pool_size=2) LSTM(100) Dense(9, activation=""softmax"")"	USA_Small	word	glove.840B.300d	877	102	10	0.8472063815987912	0.8472063815987912	16	0.4306834388647479	0.4320367779476545	15	0.7058823532333561	0.6666666685658342	14	1.1270878688961852	1.1562312174515397	11	17	0.6666666666666666
5	"Conv1D(filters=32, kernel_size=3, padding=""same"", activation=""relu"") MaxPooling1D(pool_size=2) LSTM(100, recurrent_dropout=0.2) Dense(9, activation=""softmax"")"	USA_Small	word	glove.840B.300d	877	102	10	0.8335233684140709	0.8335233684140709	15	0.4567796921818395	0.4567796921818395	15	0.6470588156405617	0.627450980246067	12	1.1641352621874972	1.383699723208944	10	16	0.6274509803921569
